<?xml version="1.0" encoding="UTF-8"?>
<feed version="2.0" xmlns:content="http://purl.org/rss/1.0/modules/content/"
				   xmlns:wfw="http://wellformedweb.org/CommentAPI/" 
				   xmlns:dc="http://purl.org/dc/elements/1.1/" 
				   xmlns:atom="http://www.w3.org/2005/Atom" 
				   xmlns:sy="http://purl.org/rss/1.0/modules/syndication/" 
				   xmlns:slash="http://purl.org/rss/1.0/modules/slash/">
	<channel>
		<title>I made it up</title>
		<link>/index.html</link>
		<image>
    		<url>/img/social/home.png</url>
			<link>/index.html</link>
		</image>
		<description></description>
		<copyright>Copyright 2025 contact@ipv7.io</copyright>
        <language>en-CA</language>
		<author>
			<name>contact@ipv7.io</name>
			<email>contact@ipv7.io</email>
		</author>
		
		<item>
			<title>Method on Buddhist&#39;s Diamond</title>
			
			<link>https://bio.ipv7.io/blog/method-on-buddhists-diamond.html</link>
			<updated>2025-03-24T03:44:05Z</updated>
			<description>An English translation of my original post on dodging Buddhist&#39;s Diamond</description>
			<content type="html">&lt;!-- &lt;div class=&quot;lead&quot;&gt;
Until now, trying to style an article, document, or blog post with Tailwind has been a tedious task that required a keen eye for typography and a lot of complex custom CSS.&lt;/div&gt; --&gt;
&lt;p&gt;I don&#39;t know why translating this to English feels harder than translating to Japanese. Here I am and I updated this article with some new revelations unknown when I wrote the Chinese version, and got rid of some false conclusions.&lt;/p&gt;
&lt;h1&gt;Introduction&lt;/h1&gt;
&lt;p&gt;BD consists of 33 familiars that fires lasers, random star bullets, and a series of aimed arrow heads from Kaguya. The interval of which the lasers are fired is actually not constant, the first two lasers are 200 frames apart, the later ones are 180 frames apart. The first aimed bullets is spawned 128 frames after the first laser, and is fired every 144 frames afterwards. The arrow heads fly very slowly, and the next wave is spawned before the previous wave leaves the screen. Similarly for lasers, the next wave start to appear before the previous wave fades off.&lt;/p&gt;
&lt;p&gt;We can model the laser, starting from the second wave by:&lt;/p&gt;
&lt;p&gt;$&#92;sin(&#92;pi180(x−200))=0&#92;{x&amp;gt;199&#92;}$&lt;/p&gt;
&lt;p&gt;aimed arrow heads: $&#92;sin(&#92;pi144(x−128))=0&#92;{x&#92;geq 0&#92;}$&lt;/p&gt;
&lt;p&gt;Pardon the dumb way of formulating this on Desmos...&lt;/p&gt;
&lt;p&gt;If we draw this on Desmos, it is clear that although the lasers and the aimed bullets are not synchronized they roughly line up every 4 waves.&lt;/p&gt;
&lt;p&gt;The hitboxes of lasers spawn extremely late and despawn very early. I&#39;m not sure how to test that without looking at the code directly.&lt;/p&gt;
&lt;p&gt;Magic and Scarlet usually don&#39;t worry about this spell too much as they only have to dodge 3 waves for survival. Weak shots, and especially solo human shots suffer greatly from BD, and is one of the biggest roadblocks in LNN.&lt;/p&gt;
&lt;p&gt;On the other hand solo shots always take exactly the same time to kill the spell, and there is no need to stay under the boss. For solo youkai shots, all shots can hit Kaguya regardless of their posistion except solo Alice. So there are also potential benefits if one can take advantage of all the horizontal screen space.&lt;/p&gt;
&lt;h1&gt;How to dodge BD&lt;/h1&gt;
&lt;p&gt;We call each continuous space surrounded by lasers a cell. Dodging BD consists of three problems:&lt;/p&gt;
&lt;ol&gt;
&lt;li&gt;Which cell to choose for each laser wave&lt;/li&gt;
&lt;li&gt;How (and whether) to misdirect the aimed bullets&lt;/li&gt;
&lt;li&gt;How to dodge the random start bullets&lt;/li&gt;
&lt;/ol&gt;
&lt;p&gt;If you vision covers half of the screen, then you can simply choose an area with the least star bullets. Unfortunately I have not evolved to process dozes of random bullets simultaneously, so I have to consider all three factors.&lt;/p&gt;
&lt;p&gt;For each of these problems&lt;/p&gt;
&lt;ol&gt;
&lt;li&gt;Naturally the the bigger the cell the better, but in reality you only need enough space to maneuver around potential start bullet clusters, and bigger cells are not that meaningful.&lt;/li&gt;
&lt;li&gt;We don&#39;t want the arrow heads to divide a cell in half, making it even smaller, in other words we either want to be in a different cell from the arrow heads, or make them to overlap with one of the lasers. (Technically you could micro thru the arrow heads, but I have never actively practiced that).&lt;/li&gt;
&lt;li&gt;There is not much to dodging random things, only thing worth mentioning is that the starts are under the arrow heads, so pay extra attention on stars coming from the same direction as the aimed arrow heads.&lt;/li&gt;
&lt;/ol&gt;
&lt;p&gt;Combining 2 and 3, we conclude the following:&lt;/p&gt;
&lt;p&gt;If laser lines appear first, then arrow heads lock on you, misdirect the arrow heads towards one of the laser warning lines. If arrow heads lock at the same time, or appears earlier, then try to macro to a different cell.&lt;/p&gt;
&lt;p&gt;One problem remains, the arrow heads are so slow such that sometimes the bullets you misdirect only arrive at the next wave of lasers, making misdirection meaningless. However, there are still sometimes this will work.&lt;/p&gt;
&lt;h1&gt;Conclusion&lt;/h1&gt;
&lt;p&gt;Depending on your shot type, memorize the waves where it is meaningful to misdirect the arrow heads. When you can misdirect, try to enlarge your field of view and look for relatively sparse area of star bullets and big cells.&lt;/p&gt;
&lt;h2&gt;Aside:&lt;/h2&gt;
&lt;p&gt;There are beliefs that dodging BD is easier at the very sides. If true then all solo human shots should employ it. However, empirically I have not found it easier at the side. Also, it might also be easier to dodge above the bottom row of familiars, since you technically deal with less lasers, but I have not practiced dodging like that. Both ideas came from/were inspired by Levea. It&#39;d be interesting to see an LNN with either of them, especially the second strat.&lt;/p&gt;
&lt;h2&gt;Another note (updated in 2025)&lt;/h2&gt;
&lt;p&gt;TL;DR: there are certain times during the spell where it&#39;s harder because the arrows block along with the lasers, so after palying a lot of times you can get a feeling that you need to semi-macro to avoid the arrow-laser combo&lt;/p&gt;
&lt;!-- old template  --&gt;
</content>
			<author>
				<name>contact@ipv7.io</name>
				<email>contact@ipv7.io</email>
			</author>
		</item>
		
		<item>
			<title>TWC score tool</title>
			
			<link>https://bio.ipv7.io/blog/twc-score-tool.html</link>
			<updated>2025-03-24T03:44:05Z</updated>
			<description>A simple python solver for finding the three parameters in the TWC score (formally iscore) formula</description>
			<content type="html">&lt;p&gt;Given&lt;/p&gt;
&lt;p&gt;$$ba^{s_1}+c = i_1$$
$$ba^{s_2}+c = i_2$$
$$ba^{s_3}+c = i_3$$
$$ c = i_1 - ba^{s_1}$$
$$b = &#92;frac{i_2-c}{a^{s_2}} = &#92;frac{i_2-i_1}{a^{s_2}-a^{s_1}}$$
$$a^{s_3} = &#92;frac{i_3-c}{b} &#92;implies (i_2-i_1)a^{s_3} + (i_1-i_3)a^{s_2} + (i_3-i_2)a^{s_1} = 0$$&lt;/p&gt;
&lt;p&gt;where $i$ is iscore, $s$ is in-game score, and $a,b,c$ the three parameters.&lt;/p&gt;
&lt;pre&gt;&lt;code class=&quot;language-python&quot;&gt;import numpy as np
import scipy.optimize


&amp;quot;&amp;quot;&amp;quot;
s1,s2,s3 and i1,i2,i3 have to be in _increasing_ order

            s1 &amp;lt; s2 &amp;lt; s3, i1 &amp;lt; i2 &amp;lt; i3
If solving fails, check if the provided points are convex.
            
Method can be 
&#39;root_scalar&#39;: versatile, works for any scores
&#39;polynomial&#39;: robust, but s3-s1 and s2-s1 have to be integers
&amp;quot;&amp;quot;&amp;quot;
def getParam(s1,s2,s3,i1,i2,i3, method = &#39;root_scalar&#39;, a_range = [1.01,100]):
    d2 = s3-s1
    d1 = s2-s1
    if method == &#39;polynomial&#39;:
        coeff = []
        for c in range(d2, -1, -1):
            if c == d2:
                coeff.append(i2-i1)
            elif c == d1:
                coeff.append(i1-i3)
            elif c == 0:
                coeff.append(i3-i2)
            else:
                coeff.append(0)
        a = np.roots(coeff)
        b = (i2-i1)/(np.power(a,s2)-np.power(a,s1))
        c = i1-b*np.power(a,s1)
    elif method == &#39;root_scalar&#39;:
        f = lambda x: (i2-i1)*np.power(x,d2) + (i1-i3)*np.power(x,d1) + (i3-i2)
        print(f&amp;quot;{i2-i1}x^{d2}+{i1-i3}x^{d1}+{i3-i2}&amp;quot;)
        a = scipy.optimize.root_scalar(f, bracket=a_range).root
        b = (i2-i1)/(np.power(a,s2)-np.power(a,s1))
        c = i1-b*np.power(a,s1)
    else:
        raise ValueError(&amp;quot;Unknown root finding method.&amp;quot;)
    return a,b,c
&lt;/code&gt;&lt;/pre&gt;
&lt;div class=&quot;jnbcell&quot;&gt;
&lt;div class=&quot;jnbsrc&quot;&gt;
&lt;pre&gt;&lt;code class=&quot;language-python&quot;&gt;#sample data:e
score = np.array([[16.5, 17.1, 17.7],
                  [15.5, 16.1, 16.7],
                  [23,   24,   25]])
iscore = np.array([[56, 100, 180],
                   [56, 100, 180],
                   [56, 100, 180]])

def calcParam(score, iscore):
    a = np.empty(3)
    b = np.empty(3)
    c = np.empty(3)
    for i in range(len(score)):
        x,y,z = getParam(score[i][0], score[i][1], score[i][2], iscore[i][0], iscore[i][1], iscore[i][2])
        a[i] = x
        b[i] = y
        c[i] = z
    return a,b,c
        
a,b,c = calcParam(score, iscore)

print(a)
print(b)
print(c)

# ans = np.where(np.logical_and(np.isreal(a), a &amp;gt; 1))

&lt;/code&gt;&lt;/pre&gt;
&lt;/div&gt;
&lt;div class=&quot;jnbout&quot;&gt;
&lt;pre&gt;&lt;code class=&quot;language-stdout&quot;&gt;44x^1.1999999999999993+-124x^0.6000000000000014+80
44x^1.1999999999999993+-124x^0.6000000000000014+80
44x^2.0+-124x^1.0+80
[2.70850007 2.70850007 1.81818182]
[3.89562203e-06 1.05512925e-05 5.74043377e-05]
[2.22222222 2.22222222 2.22222222]
&lt;/code&gt;&lt;/pre&gt;
&lt;/div&gt;
&lt;/div&gt;
&lt;pre&gt;&lt;code class=&quot;language-python&quot;&gt;import matplotlib as mpl
import matplotlib.pyplot as plt
fig, ax = plt.subplots()
x = [np.linspace(3, 18, 200), np.linspace(3, 17, 200), np.linspace(3, 25, 200)]
for i in range(len(score)):
    y = b[i]*np.power(a[i],x[i])+c[i]
    ax.plot(x[i],y)
    ax.scatter(score.T[i], iscore.T[i], c=&#39;r&#39;)
&lt;/code&gt;&lt;/pre&gt;
&lt;p&gt;&lt;img src=&quot;https://bio.ipv7.io/blog/output.png&quot; alt=&quot;graph&quot; /&gt;&lt;/p&gt;
</content>
			<author>
				<name>contact@ipv7.io</name>
				<email>contact@ipv7.io</email>
			</author>
		</item>
		
		<item>
			<title>ブスの検証</title>
			
			<link>https://bio.ipv7.io/blog/buddhistjp.html</link>
			<updated>2025-03-24T03:44:05Z</updated>
			<description>An Japanese translation of my original post on dodging Buddhist&#39;s Diamond</description>
			<content type="html">&lt;p&gt;まずいくつかの簡単な考察&lt;/p&gt;
&lt;p&gt;これはランダムなレーザー（x33）＋ランダムな星弾＋自機狙いの鱗弾で構成されています。&lt;/p&gt;
&lt;p&gt;多くの人はレーザーと自機狙いの周波数は固定されていると考えているが、そうとも言えない。最初の2つのレーザーは200f離れており、その後の各波は180f離れている。 レーザーも同様で、前のレーザーが消え始める前に、次のレーザーが発生し始めるています。&lt;/p&gt;
&lt;p&gt;レーザー（2波目以降）：$&#92;sin(&#92;pi180(x−200))=0&#92;{x&amp;gt;199&#92;}$&lt;/p&gt;
&lt;p&gt;自機狙い：$&#92;sin(&#92;pi144(x−128))=0&#92;{x&#92;geq 0&#92;}$&lt;/p&gt;
&lt;p&gt;これはあまり重要ではなく、上記の情報をグラフしてみるとわかると思います。 ポイントは、レーザーと自機狙いは一般的に整列せず、4波ごとに整列していることです。&lt;/p&gt;
&lt;p&gt;レーザーの判定は極端に遅く発生し、極端に早く消滅すると判断している、具体的なデータは計測していない、計測方法がわからない。&lt;/p&gt;
&lt;p&gt;詠唱と紅魔は火力が高いのため、適当でやっても8割ぐらいの取得率がありますが、 火力の弱い機体は、特に人間単機では長引いになり、LNNの最大の難点である。&lt;/p&gt;
&lt;p&gt;単騎の利点として、どこにいても撃破までの時間が常に同じであること、単騎ではアリス以外のダメージ保証があること、これは撃破時間の上限とも言える（最悪の場合アリス単騎は耐久になるかもしれない)&lt;/p&gt;
&lt;p&gt;複数のレーザーで囲まれた空間をグリッドと呼ぶことにしよう。 ブディストダイアモンドにおける弾避けには、主に3つの問題がある：&lt;/p&gt;
&lt;ol&gt;
&lt;li&gt;各レーザー波に対して、どのグリッドを選んで弾を避けるか&lt;/li&gt;
&lt;li&gt;鱗弾の誘導方法&lt;/li&gt;
&lt;li&gt;赤い星弾をどう避けるか&lt;/li&gt;
&lt;/ol&gt;
&lt;p&gt;視野が画面の半分の大きさなら、毎回星の少ない場所を選んで避けるだけです。 1と2は基本的にほとんど考える必要がなく、この文章を読めなくてもいいです。 まだ人間であるなら、続けて読んでください&lt;/p&gt;
&lt;p&gt;まず、1から順番に&lt;/p&gt;
&lt;ol&gt;
&lt;li&gt;グリッドは大きい方が良いのですが、実際には星弾の密度が高く、視野が比較的小さいため、ある程度グリッドが大きいと、その差はあまりつけません。 個人的な感覚では、グリッドが自機レイヤーの2倍以上の幅になると、壁がほぼ出なくなる。&lt;/li&gt;
&lt;li&gt;鱗弾はなるべく片方のレーザーと重なるようにしたい。そうでないと、鱗弾はすでに小さいグリッドをさらに半分に切断するかもしれない（鱗弾と鱗弾の間を抜ける人はいないですよね？）&lt;/li&gt;
&lt;li&gt;基本は気合避けです。注意点は、星弾のレイヤーが鱗弾の下にあり、鱗弾の方向から来る星弾が見えないことがあることです&lt;/li&gt;
&lt;/ol&gt;
&lt;p&gt;実際には、1と2を一緒に考えるべきで、次のように簡単に結論づけることができます：&lt;/p&gt;
&lt;p&gt;レーザー警告線が先に現れ、その後に鱗弾が自機の位置をロックする場合、警告線が現れた後に鱗弾を誘導するために警告線のすぐ近くにいることを選択することができます&lt;/p&gt;
&lt;p&gt;鱗弾が先に/同時に出現した場合は、別のグリッドに渡るようにする必要がある&lt;/p&gt;
&lt;p&gt;しかし、実は上記の結論は完全に正しいわけではなく、鱗弾は非常に遅いため、発射された鱗弾が次のレーザー波まで降りてこないことがあり、その場合は次のレーザー波の配置が分からないため、鱗弾がどこに誘導されたかは意味がないのです&lt;/p&gt;
&lt;p&gt;ただし、一般的な考え方は正しいです。&lt;/p&gt;
&lt;p&gt;結論：使用する機体によって、どの波数から鱗弾を誘導するか、また、誘導が無意味で、星弾からの圧を感じるときは、視野を広げ、横に星弾が少ない空間を探す。&lt;/p&gt;
&lt;p&gt;私の（唯一できるの）妖夢の場合：&lt;/p&gt;
&lt;p&gt;鱗弾の第一波はどうでもいいです。&lt;/p&gt;
&lt;p&gt;鱗弾の第二波は発動できるが、あまり意味がない（鱗弾が当たる一瞬前にレーザーの判定が消える）。&lt;/p&gt;
&lt;p&gt;第3波はレーザーより30フレームほど遅いので、反応できれば誘導することができる&lt;/p&gt;
&lt;p&gt;第4波はレーザーと同時に出現するため、移動を封じやすいので、なるべく遠くに移動すること&lt;/p&gt;
&lt;p&gt;第5波はレーザーより早くスタート、第4波と同じ&lt;/p&gt;
&lt;p&gt;第6波はレーザーよりずっと早いので、前のレーザー波に誘導することができます。&lt;/p&gt;
&lt;p&gt;第7波は誘導する必要がない&lt;/p&gt;
&lt;p&gt;第8波の誘導が可能&lt;/p&gt;
&lt;p&gt;第9波では再び鱗とレーザーが同時に出てくるが、すぐに撃破できる。&lt;/p&gt;
&lt;p&gt;以上の結論は深く考えていないので、個人の癖に合わせて検証/修正することをお勧めします。&lt;/p&gt;
&lt;p&gt;あと、Leveaさんと「こいつは真ん中より端の方が避けやすいのか」という議論をしたことがあります。 このカードは使い魔をレーザー発射源として扇状にするため、各レーザーはおそらく約30度のランダムなオフセットを持つので、隅っこには使い魔を遠く離れることが出来るが、2つのレーザーが「V」を形成して、代わりに空間を小さくする状況が現れるようにするかもしれません。 赤い星弾については、これは最大で45度くらいの角度から来ることがあり、画面端での密度が本当に少なくなっているのかどうかが分かりにくい。 それに、画面端で高いところにいると、斜め下にしか移動できないので、もっと難しいです。&lt;/p&gt;
</content>
			<author>
				<name>contact@ipv7.io</name>
				<email>contact@ipv7.io</email>
			</author>
		</item>
		
		<item>
			<title>Default application is a mess without Desktop Environment</title>
			
			<link>https://bio.ipv7.io/blog/default-application-is-a-mess-without-desktop-environment.html</link>
			<updated>2025-03-24T03:44:05Z</updated>
			<description>A rant on XDG</description>
			<content type="html">&lt;p&gt;&lt;a href=&quot;https://wiki.archlinux.org/title/XDG_MIME_Applications&quot;&gt;XDG MIME Applications&lt;/a&gt;&lt;/p&gt;
&lt;p&gt;&lt;a href=&quot;https://wiki.archlinux.org/title/desktop_entries&quot;&gt;desktop entries&lt;/a&gt;&lt;/p&gt;
&lt;p&gt;In addition to XDG, pcmanfm-qt attempts to manage file association on its own, which creates .desktop files in &lt;code&gt;~/.local/share/applications&lt;/code&gt; I believe. .desktop files in this dir have precedence over those in &lt;code&gt;/usr/share/applications/&lt;/code&gt; or &lt;code&gt;/usr/local/share/applications/&lt;/code&gt;, but the way it creates these files is not that useful.&lt;/p&gt;
&lt;p&gt;Had to deal with these because I&#39;m using feh as the default image viewer but it doesn&#39;t support reading config files so everything has to be read from command line (well it does support changing key bindings but nothing more)&lt;/p&gt;
&lt;p&gt;Useful debug:&lt;/p&gt;
&lt;pre&gt;&lt;code&gt;export XDG_UTILS_DEBUG_LEVEL=10
xdg-mime query filetype /tmp/foobar.png
xdg-mime query default major/minor
&lt;/code&gt;&lt;/pre&gt;
&lt;p&gt;let&#39;s you to see which mimeapps.list is scanned&lt;/p&gt;
</content>
			<author>
				<name>contact@ipv7.io</name>
				<email>contact@ipv7.io</email>
			</author>
		</item>
		 
	</channel>
	
	<channel>
		<title>About me</title>
		
		<link>https://bio.ipv7.io/about-me.html</link>
		<description>è una pagina come tante, oppure tante pagine sono come lei?</description>
		<content type="html">&lt;h1&gt;Aboute Me&lt;/h1&gt;
&lt;p&gt;I graduated from computer science but that&#39;s not where my interest is;
I live in North America but that&#39;s not what my sleep follows; I play the piano but that&#39;s
not what I want to do the most in music is.&lt;/p&gt;
&lt;p&gt;I am currently undergoing exposure thearpy on Math and anything that requires using brain.&lt;/p&gt;
&lt;p&gt;I also play Touhou Project, so you can probably see some posts about it.&lt;/p&gt;
</content>
	</channel>
	 
</feed>
